{"act/act_std_layer_1":0.7334055600049377,"act/dead_frac_layer_1":0.6099312789351852,"grad/grad_norm_W_layer_1":0.17409161911951496,"val/accuracy":0.9736666666666667,"_step":5,"act/dead_frac_layer_0":0.5787847222222222,"act/act_mean_layer_1":0.39469877541311305,"act/dead_frac_layer_2":0.4723042534722222,"val/loss":0.11241368190426929,"grad/grad_norm_W_layer_3":0.08483475134638083,"act/act_mean_layer_0":0.419617279707772,"train/loss":0.04932642570738124,"_runtime":37.2950003,"train/accuracy":0.9901666666666666,"act/act_mean_layer_2":0.8234613082006873,"act/act_std_layer_0":0.7228077427191968,"_timestamp":1.7728766957449932e+09,"grad/grad_norm_W_layer_2":0.0900103204697886,"val/f1":0.9735042169280161,"_wandb":{"runtime":37},"grad/grad_norm_W_layer_0":0.27147254036387847,"act/act_std_layer_2":1.1917855135724686,"epoch":5}